Skill,Postings,Percent
Communication,494,48.6
Consulting,339,33.4
Sales,327,32.2
Leadership,295,29.0
Management,288,28.3
SQL (Programming Language),240,23.6
Data Analysis,240,23.6
Business Process,231,22.7
Customer Service,229,22.5
Problem Solving,196,19.3
Innovation,196,19.3
Finance,181,17.8
Computer Science,181,17.8
Business Requirements,177,17.4
Presentations,175,17.2
Project Management,169,16.6
Self-Motivation,161,15.8
Writing,156,15.4
Internet And Computing Core Certification,155,15.3
Oracle Cloud,154,15.2
