variable,non_missing_rows,missing_rows,missing_percent
job_id,7,0,0.0
posted_at,5,2,28.6
expires_at,0,7,100.0
title,7,0,0.0
normalized_title,7,0,0.0
company_name,7,0,0.0
organization,0,7,100.0
is_staffing_agency,7,0,0.0
staffing_confidence,7,0,0.0
staffing_evidence,7,0,0.0
location_text,7,0,0.0
city,3,4,57.1
city_code,0,7,100.0
state,7,0,0.0
state_code,1,6,85.7
zip_code,0,7,100.0
msa_code,0,7,100.0
msa_name,0,7,100.0
latitude,0,7,100.0
longitude,0,7,100.0
remote_status,7,0,0.0
employment_type,5,2,28.6
salary_text,7,0,0.0
annual_salary_min,3,4,57.1
annual_salary_max,3,4,57.1
hourly_salary_min,0,7,100.0
hourly_salary_max,0,7,100.0
soc_code,7,0,0.0
soc_name,7,0,0.0
occupation_family,7,0,0.0
naics_code,7,0,0.0
naics_name,7,0,0.0
onet_code,7,0,0.0
onet_name,7,0,0.0
cip_code,7,0,0.0
cip_name,7,0,0.0
skills,7,0,0.0
program_matches,7,0,0.0
search_relevance_score,0,7,100.0
search_rank_reason,0,7,100.0
description,3,4,57.1
apply_url,7,0,0.0
bls.area_name,7,0,0.0
bls.employment,7,0,0.0
bls.annual_mean_wage,7,0,0.0
bls.annual_median_wage,7,0,0.0
bls.source_year,7,0,0.0
census.state_code,0,7,100.0
census.state_name,0,7,100.0
census.median_household_income,0,7,100.0
census.bachelors_or_higher_pct,0,7,100.0
census.labor_force_participation_rate,0,7,100.0
census.unemployment_rate,0,7,100.0
census.source_year,0,7,100.0
student_signals.work_type,1,6,85.7
student_signals.visa_sponsorship,7,0,0.0
student_signals.opt_cpt_eligible,7,0,0.0
student_signals.requirements_summary,3,4,57.1
student_signals.responsibilities_summary,3,4,57.1
student_signals.technical_tools_summary,1,6,85.7
organization.organization_id,0,7,100.0
organization.name,0,7,100.0
organization.canonical_name,0,7,100.0
organization.website_url,0,7,100.0
organization.logo_url,0,7,100.0
organization.description,0,7,100.0
organization.industry,0,7,100.0
organization.industries,0,7,100.0
organization.employee_count,0,7,100.0
organization.headquarters,0,7,100.0
organization.organization_naics,0,7,100.0
organization.organization_markets,0,7,100.0
organization.active_job_count,0,7,100.0
organization.linkedin.url,0,7,100.0
organization.linkedin.slug,0,7,100.0
organization.linkedin.followers,0,7,100.0
organization.linkedin.size,0,7,100.0
organization.linkedin.type,0,7,100.0
organization.linkedin.founded_date,0,7,100.0
organization.linkedin.specialties,0,7,100.0
organization.linkedin.locations,0,7,100.0
organization.linkedin.slogan,0,7,100.0
organization.linkedin.logo_url,0,7,100.0
organization.linkedin.estimated_revenue_lower_bound_usd,0,7,100.0
organization.linkedin.estimated_revenue_higher_bound_usd,0,7,100.0
organization.linkedin.largest_headcount_country,0,7,100.0
organization.crunchbase.profile_url,0,7,100.0
organization.crunchbase.profile_uuid,0,7,100.0
organization.crunchbase.acquisition_status,0,7,100.0
organization.crunchbase.ipo_date,0,7,100.0
organization.crunchbase.categories,0,7,100.0
organization.glassdoor.profile_url,0,7,100.0
organization.glassdoor.review_count,0,7,100.0
organization.glassdoor.salary_count,0,7,100.0
organization.glassdoor.interview_count,0,7,100.0
organization.glassdoor.benefit_count,0,7,100.0
organization.glassdoor.primary_industry_name,0,7,100.0
organization.glassdoor.primary_industry_sector_name,0,7,100.0
organization.glassdoor.ratings.overall,0,7,100.0
organization.glassdoor.ratings.culture_and_values,0,7,100.0
organization.glassdoor.ratings.diversity_and_inclusion,0,7,100.0
organization.glassdoor.ratings.work_life_balance,0,7,100.0
organization.glassdoor.ratings.senior_management,0,7,100.0
organization.glassdoor.ratings.compensation_and_benefits,0,7,100.0
organization.glassdoor.ratings.career_opportunities,0,7,100.0
organization.glassdoor.ratings.recommend_to_friend,0,7,100.0
organization.glassdoor.ratings.business_outlook,0,7,100.0
role_group,7,0,0.0
industry_verification,7,0,0.0
staffing_flag,7,0,0.0
annual_salary_midpoint,3,4,57.1
remote_status_clean,7,0,0.0
